<?xml version="1.0" encoding="UTF-8"?>
<!DOCTYPE suite SYSTEM "https://testng.org/testng-1.0.dtd">
<suite name="Suite">
  <test thread-count="5" name="customer">
    <classes>
    <class name="com.qa.testcase.Userlogintestcase"/>
       </classes>
    
  </test> <!-- Test -->
  <test thread-count="5" name="Agent">
    <classes>
      
      <class name="com.qa.testcase.Agenttestcase"/>
      
      </classes>
    
  </test> <!-- Test -->
  <test thread-count="5" name="Admin">
    <classes>
      
      <class name="com.qa.testcase.Logintestcase"/>
       </classes>
          
  </test> <!-- Test -->
  <test thread-count="5" name="Supplier">
    <classes>
      
      <class name="com.qa.testcase.Suppliertestcase"/>
      
    </classes>
    
  </test> <!-- Test -->
</suite> <!-- Suite -->
